{
  "n_samples": 2300,
  "n_positive": 1320,
  "n_negative": 980,
  "n_folds": 5,
  "per_fold": [
    {
      "isolation_forest": {
        "auroc": 0.6233186456400742,
        "f1": 0.3976945244956772,
        "precision": 0.8313253012048193,
        "recall": 0.26136363636363635,
        "avg_precision": 0.7390858625750174
      },
      "autoencoder": {
        "auroc": 0.6313775510204082,
        "f1": 0.4379947229551451,
        "precision": 0.7217391304347827,
        "recall": 0.3143939393939394,
        "avg_precision": 0.6979660999413939
      },
      "lof": {
        "auroc": 0.524949752628324,
        "f1": 0.02985074626865672,
        "precision": 1.0,
        "recall": 0.015151515151515152,
        "avg_precision": 0.6354871693576851
      },
      "xgboost": {
        "auroc": 1.0,
        "f1": 1.0,
        "precision": 1.0,
        "recall": 1.0,
        "avg_precision": 1.0
      },
      "ensemble": {
        "auroc": 1.0,
        "f1": 0.9502982107355865,
        "precision": 1.0,
        "recall": 0.9053030303030303,
        "avg_precision": 1.0
      },
      "fold": 0
    },
    {
      "isolation_forest": {
        "auroc": 0.6632266542980828,
        "f1": 0.45014245014245013,
        "precision": 0.9080459770114943,
        "recall": 0.29924242424242425,
        "avg_precision": 0.7851121229633098
      },
      "autoencoder": {
        "auroc": 0.6277829313543599,
        "f1": 0.46875,
        "precision": 0.75,
        "recall": 0.3409090909090909,
        "avg_precision": 0.7176759822272076
      },
      "lof": {
        "auroc": 0.5223407544836116,
        "f1": 0.06593406593406592,
        "precision": 1.0,
        "recall": 0.03409090909090909,
        "avg_precision": 0.6324837229853923
      },
      "xgboost": {
        "auroc": 1.0,
        "f1": 1.0,
        "precision": 1.0,
        "recall": 1.0,
        "avg_precision": 1.0
      },
      "ensemble": {
        "auroc": 1.0,
        "f1": 0.9667318982387475,
        "precision": 1.0,
        "recall": 0.9356060606060606,
        "avg_precision": 1.0
      },
      "fold": 1
    },
    {
      "isolation_forest": {
        "auroc": 0.6428571428571429,
        "f1": 0.41379310344827586,
        "precision": 0.8571428571428571,
        "recall": 0.2727272727272727,
        "avg_precision": 0.7569015459702171
      },
      "autoencoder": {
        "auroc": 0.6170570500927643,
        "f1": 0.5038560411311054,
        "precision": 0.784,
        "recall": 0.3712121212121212,
        "avg_precision": 0.7142764698280497
      },
      "lof": {
        "auroc": 0.47984307359307365,
        "f1": 0.044444444444444446,
        "precision": 1.0,
        "recall": 0.022727272727272728,
        "avg_precision": 0.6048675225193385
      },
      "xgboost": {
        "auroc": 1.0,
        "f1": 1.0,
        "precision": 1.0,
        "recall": 1.0,
        "avg_precision": 1.0
      },
      "ensemble": {
        "auroc": 1.0,
        "f1": 0.9606299212598425,
        "precision": 1.0,
        "recall": 0.9242424242424242,
        "avg_precision": 1.0
      },
      "fold": 2
    },
    {
      "isolation_forest": {
        "auroc": 0.6282854050711194,
        "f1": 0.38461538461538464,
        "precision": 0.8783783783783784,
        "recall": 0.24621212121212122,
        "avg_precision": 0.7358326565112161
      },
      "autoencoder": {
        "auroc": 0.5967648423005567,
        "f1": 0.4461942257217848,
        "precision": 0.7264957264957265,
        "recall": 0.32196969696969696,
        "avg_precision": 0.6545557968379054
      },
      "lof": {
        "auroc": 0.43894944341372905,
        "f1": 0.02247191011235955,
        "precision": 1.0,
        "recall": 0.011363636363636364,
        "avg_precision": 0.5353772822994475
      },
      "xgboost": {
        "auroc": 1.0,
        "f1": 1.0,
        "precision": 1.0,
        "recall": 1.0,
        "avg_precision": 1.0
      },
      "ensemble": {
        "auroc": 1.0,
        "f1": 0.962671905697446,
        "precision": 1.0,
        "recall": 0.928030303030303,
        "avg_precision": 1.0
      },
      "fold": 3
    },
    {
      "isolation_forest": {
        "auroc": 0.6299281076066789,
        "f1": 0.4035087719298246,
        "precision": 0.8846153846153846,
        "recall": 0.26136363636363635,
        "avg_precision": 0.7479289174631532
      },
      "autoencoder": {
        "auroc": 0.630053726035869,
        "f1": 0.4659685863874345,
        "precision": 0.7542372881355932,
        "recall": 0.3371212121212121,
        "avg_precision": 0.7137884994414738
      },
      "lof": {
        "auroc": 0.4821815089672233,
        "f1": 0.07299270072992702,
        "precision": 1.0,
        "recall": 0.03787878787878788,
        "avg_precision": 0.5985427628309803
      },
      "xgboost": {
        "auroc": 1.0,
        "f1": 1.0,
        "precision": 1.0,
        "recall": 1.0,
        "avg_precision": 1.0
      },
      "ensemble": {
        "auroc": 1.0,
        "f1": 0.96875,
        "precision": 1.0,
        "recall": 0.9393939393939394,
        "avg_precision": 1.0
      },
      "fold": 4
    }
  ],
  "average": {
    "isolation_forest": {
      "auroc": {
        "mean": 0.6375231910946196,
        "std": 0.01437991764532553
      },
      "f1": {
        "mean": 0.4099508469263225,
        "std": 0.022197888748962273
      },
      "precision": {
        "mean": 0.8719015796705868,
        "std": 0.02597791939934774
      },
      "recall": {
        "mean": 0.2681818181818182,
        "std": 0.017669551196500915
      }
    },
    "xgboost": {
      "auroc": {
        "mean": 1.0,
        "std": 0.0
      },
      "f1": {
        "mean": 1.0,
        "std": 0.0
      },
      "precision": {
        "mean": 1.0,
        "std": 0.0
      },
      "recall": {
        "mean": 1.0,
        "std": 0.0
      }
    },
    "ensemble": {
      "auroc": {
        "mean": 1.0,
        "std": 0.0
      },
      "f1": {
        "mean": 0.9618163871863246,
        "std": 0.006434986210154102
      },
      "precision": {
        "mean": 1.0,
        "std": 0.0
      },
      "recall": {
        "mean": 0.9265151515151515,
        "std": 0.011882111470725862
      }
    },
    "lof": {
      "auroc": {
        "mean": 0.4896529066171923,
        "std": 0.031740379720796415
      },
      "f1": {
        "mean": 0.04713877349789073,
        "std": 0.019678811015344456
      },
      "precision": {
        "mean": 1.0,
        "std": 0.0
      },
      "recall": {
        "mean": 0.024242424242424242,
        "std": 0.01033195583104989
      }
    },
    "autoencoder": {
      "auroc": {
        "mean": 0.6206072201607917,
        "std": 0.012944419807385088
      },
      "f1": {
        "mean": 0.4645527152390939,
        "std": 0.02283302173676507
      },
      "precision": {
        "mean": 0.7472944290132204,
        "std": 0.022309108724767324
      },
      "recall": {
        "mean": 0.3371212121212121,
        "std": 0.019609362281128462
      }
    }
  }
}