{
  "contracts_measured": 120,
  "parse_time": {
    "mean": 0.06486218416666698,
    "median": 0.0005860499999954527,
    "p95": 0.01362673000000704
  },
  "stg_build_time": {
    "mean": 6.104166667360763e-06,
    "median": 3.4999999911633495e-06,
    "p95": 2.1719999998026646e-05
  },
  "detection_time": {
    "mean": 1.2916666657739977e-07,
    "median": 9.999999406318238e-08,
    "p95": 2.0500001483014755e-07
  },
  "total_static_time": {
    "mean": 0.06486841750000091,
    "median": 0.000588950000022237,
    "p95": 0.013634180000006704,
    "pct_under_1s": 0.9666666666666667
  }
}