{
  "full_system_f1": 0.41976316864026136,
  "ablations": {
    "no_transaction_pattern": {
      "f1": 0.419063270336894,
      "delta_f1": 0.0006998983033673634
    },
    "no_state_interaction": {
      "f1": 0.4163934426229508,
      "delta_f1": 0.003369726017310559
    },
    "no_role_access": {
      "f1": 0.41466395112016297,
      "delta_f1": 0.005099217520098398
    },
    "no_value_economic": {
      "f1": 0.4196827978853193,
      "delta_f1": 8.03707549420496e-05
    },
    "no_correlation": {
      "f1": 0.47068338050950265,
      "delta_f1": -0.05092021186924128
    }
  }
}